idna_subject,checker_type,destination,source,tested_at,session_id
29773.v.fwmrm.net,AVAILABILITY,domains.list,domains.list,2025-10-27 09:52:28.118337+00:00,c9711f20a500aa427a3a798a
888casino.com,AVAILABILITY,domains.list,domains.list,2025-10-27 09:52:31.064884+00:00,c9711f20a500aa427a3a798a
888media.net,AVAILABILITY,domains.list,domains.list,2025-10-27 09:52:31.632155+00:00,c9711f20a500aa427a3a798a
a.ad-sys.com,AVAILABILITY,domains.list,domains.list,2025-10-27 09:52:32.131522+00:00,c9711f20a500aa427a3a798a
a.adnium.com,AVAILABILITY,domains.list,domains.list,2025-10-27 09:52:32.450646+00:00,c9711f20a500aa427a3a798a
a.adroll.com,AVAILABILITY,domains.list,domains.list,2025-10-27 09:52:32.871876+00:00,c9711f20a500aa427a3a798a
a.goember.com,AVAILABILITY,domains.list,domains.list,2025-10-27 09:52:33.434989+00:00,c9711f20a500aa427a3a798a
a.kat.cr,AVAILABILITY,domains.list,domains.list,2025-10-27 09:52:34.177040+00:00,c9711f20a500aa427a3a798a
a.scorecardresearch.com,AVAILABILITY,domains.list,domains.list,2025-10-27 09:52:34.849011+00:00,c9711f20a500aa427a3a798a
a.tribalfusion.com,AVAILABILITY,domains.list,domains.list,2025-10-27 09:52:35.019819+00:00,c9711f20a500aa427a3a798a
a02.korrelate.net,AVAILABILITY,domains.list,domains.list,2025-10-27 09:52:35.533518+00:00,c9711f20a500aa427a3a798a
aan.amazon.com,AVAILABILITY,domains.list,domains.list,2025-10-27 09:52:36.490721+00:00,c9711f20a500aa427a3a798a
aax-us-east.amazon-adsystem.com,AVAILABILITY,domains.list,domains.list,2025-10-27 09:52:36.767838+00:00,c9711f20a500aa427a3a798a
aax-us-west.amazon-adsystem.com,AVAILABILITY,domains.list,domains.list,2025-10-27 09:52:56.947973+00:00,c9711f20a500aa427a3a798a
ad-apac.doubleclick.net,AVAILABILITY,domains.list,domains.list,2025-10-27 09:52:57.599838+00:00,c9711f20a500aa427a3a798a
ad-emea.doubleclick.net,AVAILABILITY,domains.list,domains.list,2025-10-27 09:52:58.029445+00:00,c9711f20a500aa427a3a798a
ad-g.doubleclick.net,AVAILABILITY,domains.list,domains.list,2025-10-27 09:52:58.376259+00:00,c9711f20a500aa427a3a798a
ad.360yield.com,AVAILABILITY,domains.list,domains.list,2025-10-27 09:52:58.993323+00:00,c9711f20a500aa427a3a798a
ad.a-ads.com,AVAILABILITY,domains.list,domains.list,2025-10-27 09:52:59.749378+00:00,c9711f20a500aa427a3a798a
ad.adverticum.net,AVAILABILITY,domains.list,domains.list,2025-10-27 09:53:01.421566+00:00,c9711f20a500aa427a3a798a
ad.adxcore.com,AVAILABILITY,domains.list,domains.list,2025-10-27 09:53:02.791194+00:00,c9711f20a500aa427a3a798a
ad.ae.doubleclick.net,AVAILABILITY,domains.list,domains.list,2025-10-27 09:53:03.087493+00:00,c9711f20a500aa427a3a798a
ad.ar.doubleclick.net,AVAILABILITY,domains.list,domains.list,2025-10-27 09:53:03.458457+00:00,c9711f20a500aa427a3a798a
ad.at.doubleclick.net,AVAILABILITY,domains.list,domains.list,2025-10-27 09:53:03.704452+00:00,c9711f20a500aa427a3a798a
ad.au.doubleclick.net,AVAILABILITY,domains.list,domains.list,2025-10-27 09:53:03.963106+00:00,c9711f20a500aa427a3a798a
ad.be.doubleclick.net,AVAILABILITY,domains.list,domains.list,2025-10-27 09:53:04.230899+00:00,c9711f20a500aa427a3a798a
ad.bg.doubleclick.net,AVAILABILITY,domains.list,domains.list,2025-10-27 09:53:04.566676+00:00,c9711f20a500aa427a3a798a
ad.br.doubleclick.net,AVAILABILITY,domains.list,domains.list,2025-10-27 09:53:04.846918+00:00,c9711f20a500aa427a3a798a
ad.ca.doubleclick.net,AVAILABILITY,domains.list,domains.list,2025-10-27 09:53:05.105879+00:00,c9711f20a500aa427a3a798a
ad.ch.doubleclick.net,AVAILABILITY,domains.list,domains.list,2025-10-27 09:53:05.413684+00:00,c9711f20a500aa427a3a798a
ad.cl.doubleclick.net,AVAILABILITY,domains.list,domains.list,2025-10-27 09:53:05.679061+00:00,c9711f20a500aa427a3a798a
ad.cn.doubleclick.net,AVAILABILITY,domains.list,domains.list,2025-10-27 09:53:05.949417+00:00,c9711f20a500aa427a3a798a
ad.crwdcntrl.net,AVAILABILITY,domains.list,domains.list,2025-10-27 09:53:06.154558+00:00,c9711f20a500aa427a3a798a
ad.de.doubleclick.net,AVAILABILITY,domains.list,domains.list,2025-10-27 09:53:06.515713+00:00,c9711f20a500aa427a3a798a
ad.dk.doubleclick.net,AVAILABILITY,domains.list,domains.list,2025-10-27 09:53:06.902961+00:00,c9711f20a500aa427a3a798a
ad.doubleclick.net,AVAILABILITY,domains.list,domains.list,2025-10-27 09:53:07.213340+00:00,c9711f20a500aa427a3a798a
ad.es.doubleclick.net,AVAILABILITY,domains.list,domains.list,2025-10-27 09:53:07.466851+00:00,c9711f20a500aa427a3a798a
ad.fi.doubleclick.net,AVAILABILITY,domains.list,domains.list,2025-10-27 09:53:07.747544+00:00,c9711f20a500aa427a3a798a
ad.fr.doubleclick.net,AVAILABILITY,domains.list,domains.list,2025-10-27 09:53:08.003845+00:00,c9711f20a500aa427a3a798a
ad.hk.doubleclick.net,AVAILABILITY,domains.list,domains.list,2025-10-27 09:53:08.261806+00:00,c9711f20a500aa427a3a798a
ad.hr.doubleclick.net,AVAILABILITY,domains.list,domains.list,2025-10-27 09:53:08.524699+00:00,c9711f20a500aa427a3a798a
ad.hu.doubleclick.net,AVAILABILITY,domains.list,domains.list,2025-10-27 09:53:08.807541+00:00,c9711f20a500aa427a3a798a
ad.ie.doubleclick.net,AVAILABILITY,domains.list,domains.list,2025-10-27 09:53:09.063021+00:00,c9711f20a500aa427a3a798a
ad.in.doubleclick.net,AVAILABILITY,domains.list,domains.list,2025-10-27 09:53:09.347954+00:00,c9711f20a500aa427a3a798a
ad.it.doubleclick.net,AVAILABILITY,domains.list,domains.list,2025-10-27 09:53:09.629415+00:00,c9711f20a500aa427a3a798a
ad.jp.doubleclick.net,AVAILABILITY,domains.list,domains.list,2025-10-27 09:53:09.881772+00:00,c9711f20a500aa427a3a798a
ad.kr.doubleclick.net,AVAILABILITY,domains.list,domains.list,2025-10-27 09:53:10.242187+00:00,c9711f20a500aa427a3a798a
ad.leadboltads.net,AVAILABILITY,domains.list,domains.list,2025-10-27 09:53:11.336456+00:00,c9711f20a500aa427a3a798a
ad.linkexchange.com,AVAILABILITY,domains.list,domains.list,2025-10-27 09:53:31.543450+00:00,c9711f20a500aa427a3a798a
ad.mo.doubleclick.net,AVAILABILITY,domains.list,domains.list,2025-10-27 09:53:31.842209+00:00,c9711f20a500aa427a3a798a
ad.n2434.doubleclick.net,AVAILABILITY,domains.list,domains.list,2025-10-27 09:53:32.113172+00:00,c9711f20a500aa427a3a798a
ad.nl.doubleclick.net,AVAILABILITY,domains.list,domains.list,2025-10-27 09:53:32.364706+00:00,c9711f20a500aa427a3a798a
ad.no.doubleclick.net,AVAILABILITY,domains.list,domains.list,2025-10-27 09:53:32.652498+00:00,c9711f20a500aa427a3a798a
ad.nz.doubleclick.net,AVAILABILITY,domains.list,domains.list,2025-10-27 09:53:32.920766+00:00,c9711f20a500aa427a3a798a
ad.pl.doubleclick.net,AVAILABILITY,domains.list,domains.list,2025-10-27 09:53:33.266235+00:00,c9711f20a500aa427a3a798a
ad.pt.doubleclick.net,AVAILABILITY,domains.list,domains.list,2025-10-27 09:53:33.557419+00:00,c9711f20a500aa427a3a798a
ad.ro.doubleclick.net,AVAILABILITY,domains.list,domains.list,2025-10-27 09:53:33.834425+00:00,c9711f20a500aa427a3a798a
ad.rs.doubleclick.net,AVAILABILITY,domains.list,domains.list,2025-10-27 09:53:34.075880+00:00,c9711f20a500aa427a3a798a
ad.se.doubleclick.net,AVAILABILITY,domains.list,domains.list,2025-10-27 09:53:34.341343+00:00,c9711f20a500aa427a3a798a
ad.sg.doubleclick.net,AVAILABILITY,domains.list,domains.list,2025-10-27 09:53:34.629128+00:00,c9711f20a500aa427a3a798a
ad.si.doubleclick.net,AVAILABILITY,domains.list,domains.list,2025-10-27 09:53:34.915323+00:00,c9711f20a500aa427a3a798a
ad.terra.doubleclick.net,AVAILABILITY,domains.list,domains.list,2025-10-27 09:53:35.263198+00:00,c9711f20a500aa427a3a798a
ad.th.doubleclick.net,AVAILABILITY,domains.list,domains.list,2025-10-27 09:53:35.524763+00:00,c9711f20a500aa427a3a798a
ad.tw.doubleclick.net,AVAILABILITY,domains.list,domains.list,2025-10-27 09:53:35.810298+00:00,c9711f20a500aa427a3a798a
ad.uk.doubleclick.net,AVAILABILITY,domains.list,domains.list,2025-10-27 09:53:36.065312+00:00,c9711f20a500aa427a3a798a
ad.us.doubleclick.net,AVAILABILITY,domains.list,domains.list,2025-10-27 09:53:36.349049+00:00,c9711f20a500aa427a3a798a
ad.ve.doubleclick.net,AVAILABILITY,domains.list,domains.list,2025-10-27 09:53:36.622225+00:00,c9711f20a500aa427a3a798a
ad.za.doubleclick.net,AVAILABILITY,domains.list,domains.list,2025-10-27 09:53:36.979289+00:00,c9711f20a500aa427a3a798a
ad2.doubleclick.net,AVAILABILITY,domains.list,domains.list,2025-10-27 09:53:37.499190+00:00,c9711f20a500aa427a3a798a
ad8.adfarm1.adition.com,AVAILABILITY,domains.list,domains.list,2025-10-27 09:53:38.272379+00:00,c9711f20a500aa427a3a798a
adcash.com,AVAILABILITY,domains.list,domains.list,2025-10-27 09:53:39.204025+00:00,c9711f20a500aa427a3a798a
adcel.vrvm.com,AVAILABILITY,domains.list,domains.list,2025-10-27 09:53:39.692738+00:00,c9711f20a500aa427a3a798a
adclick.g.doubleclick.net,AVAILABILITY,domains.list,domains.list,2025-10-27 09:53:39.880756+00:00,c9711f20a500aa427a3a798a
addthis.com,AVAILABILITY,domains.list,domains.list,2025-10-27 09:53:40.250171+00:00,c9711f20a500aa427a3a798a
ade.clmbtech.com,AVAILABILITY,domains.list,domains.list,2025-10-27 09:53:40.980943+00:00,c9711f20a500aa427a3a798a
adition.com,AVAILABILITY,domains.list,domains.list,2025-10-27 09:53:43.451872+00:00,c9711f20a500aa427a3a798a
adkengage.com,AVAILABILITY,domains.list,domains.list,2025-10-27 09:53:44.799269+00:00,c9711f20a500aa427a3a798a
adledge.com,AVAILABILITY,domains.list,domains.list,2025-10-27 09:53:44.985885+00:00,c9711f20a500aa427a3a798a
adm.shinobi.jp,AVAILABILITY,domains.list,domains.list,2025-10-27 09:53:45.929936+00:00,c9711f20a500aa427a3a798a
admarvel.s3.amazonaws.com,AVAILABILITY,domains.list,domains.list,2025-10-27 09:53:46.264944+00:00,c9711f20a500aa427a3a798a
admin.appnext.com,AVAILABILITY,domains.list,domains.list,2025-10-27 09:53:46.690975+00:00,c9711f20a500aa427a3a798a
admob.biz,AVAILABILITY,domains.list,domains.list,2025-10-27 09:53:47.000766+00:00,c9711f20a500aa427a3a798a
admob.co.kr,AVAILABILITY,domains.list,domains.list,2025-10-27 09:53:47.394782+00:00,c9711f20a500aa427a3a798a
admob.co.nz,AVAILABILITY,domains.list,domains.list,2025-10-27 09:53:48.414226+00:00,c9711f20a500aa427a3a798a
admob.co.uk,AVAILABILITY,domains.list,domains.list,2025-10-27 09:53:48.664234+00:00,c9711f20a500aa427a3a798a
admob.com,AVAILABILITY,domains.list,domains.list,2025-10-27 09:53:48.962261+00:00,c9711f20a500aa427a3a798a
admob.de,AVAILABILITY,domains.list,domains.list,2025-10-27 09:53:50.164539+00:00,c9711f20a500aa427a3a798a
admob.dk,AVAILABILITY,domains.list,domains.list,2025-10-27 09:53:50.780608+00:00,c9711f20a500aa427a3a798a
admob.es,AVAILABILITY,domains.list,domains.list,2025-10-27 09:53:51.463478+00:00,c9711f20a500aa427a3a798a
admob.eu,AVAILABILITY,domains.list,domains.list,2025-10-27 09:53:53.641335+00:00,c9711f20a500aa427a3a798a
admob.fi,AVAILABILITY,domains.list,domains.list,2025-10-27 09:53:56.242763+00:00,c9711f20a500aa427a3a798a
admob.fr,AVAILABILITY,domains.list,domains.list,2025-10-27 09:53:56.722062+00:00,c9711f20a500aa427a3a798a
admob.gr,AVAILABILITY,domains.list,domains.list,2025-10-27 09:53:57.239272+00:00,c9711f20a500aa427a3a798a
admob.it,AVAILABILITY,domains.list,domains.list,2025-10-27 09:53:57.499737+00:00,c9711f20a500aa427a3a798a
admob.jp,AVAILABILITY,domains.list,domains.list,2025-10-27 09:53:58.947010+00:00,c9711f20a500aa427a3a798a
admob.kr,AVAILABILITY,domains.list,domains.list,2025-10-27 09:53:59.474861+00:00,c9711f20a500aa427a3a798a
admob.mobi,AVAILABILITY,domains.list,domains.list,2025-10-27 09:54:00.375981+00:00,c9711f20a500aa427a3a798a
admob.no,AVAILABILITY,domains.list,domains.list,2025-10-27 09:54:01.224914+00:00,c9711f20a500aa427a3a798a
admob.pt,AVAILABILITY,domains.list,domains.list,2025-10-27 09:54:06.725001+00:00,c9711f20a500aa427a3a798a
admob.sg,AVAILABILITY,domains.list,domains.list,2025-10-27 09:54:06.980744+00:00,c9711f20a500aa427a3a798a
admob.tw,AVAILABILITY,domains.list,domains.list,2025-10-27 09:54:07.904364+00:00,c9711f20a500aa427a3a798a
admob.vn,AVAILABILITY,domains.list,domains.list,2025-10-27 09:54:08.674516+00:00,c9711f20a500aa427a3a798a
adn.ebay.com,AVAILABILITY,domains.list,domains.list,2025-10-27 09:54:09.564708+00:00,c9711f20a500aa427a3a798a
adnxs.revsci.net,AVAILABILITY,domains.list,domains.list,2025-10-27 09:54:10.246166+00:00,c9711f20a500aa427a3a798a
ads-by.madadsmedia.com,AVAILABILITY,domains.list,domains.list,2025-10-27 09:54:30.758360+00:00,c9711f20a500aa427a3a798a
ads-by.yieldselect.com,AVAILABILITY,domains.list,domains.list,2025-10-27 09:54:50.931324+00:00,c9711f20a500aa427a3a798a
ads.addynamix.com,AVAILABILITY,domains.list,domains.list,2025-10-27 09:54:51.213766+00:00,c9711f20a500aa427a3a798a
ads.admarvel.com,AVAILABILITY,domains.list,domains.list,2025-10-27 09:54:51.445215+00:00,c9711f20a500aa427a3a798a
ads.appia.com,AVAILABILITY,domains.list,domains.list,2025-10-27 09:54:51.836902+00:00,c9711f20a500aa427a3a798a
ads.cb-cdn.com,AVAILABILITY,domains.list,domains.list,2025-10-27 09:54:52.322550+00:00,c9711f20a500aa427a3a798a
ads.celtra.com,AVAILABILITY,domains.list,domains.list,2025-10-27 09:54:52.604081+00:00,c9711f20a500aa427a3a798a
ads.cleveland.com,AVAILABILITY,domains.list,domains.list,2025-10-27 09:54:52.812920+00:00,c9711f20a500aa427a3a798a
ads.exoclick.com,AVAILABILITY,domains.list,domains.list,2025-10-27 09:54:53.378466+00:00,c9711f20a500aa427a3a798a
ads.footballaddicts.com,AVAILABILITY,domains.list,domains.list,2025-10-27 09:54:53.869784+00:00,c9711f20a500aa427a3a798a
ads.heyzap.com,AVAILABILITY,domains.list,domains.list,2025-10-27 09:54:54.032948+00:00,c9711f20a500aa427a3a798a
ads.intergi.com,AVAILABILITY,domains.list,domains.list,2025-10-27 09:54:54.221698+00:00,c9711f20a500aa427a3a798a
ads.juicyads.com,AVAILABILITY,domains.list,domains.list,2025-10-27 09:54:54.568011+00:00,c9711f20a500aa427a3a798a
ads.lfstmedia.com,AVAILABILITY,domains.list,domains.list,2025-10-27 09:54:55.081178+00:00,c9711f20a500aa427a3a798a
ads.mopub.com,AVAILABILITY,domains.list,domains.list,2025-10-27 09:54:55.635250+00:00,c9711f20a500aa427a3a798a
ads.nordichardware.se,AVAILABILITY,domains.list,domains.list,2025-10-27 09:54:57.541056+00:00,c9711f20a500aa427a3a798a
ads.pinger.com,AVAILABILITY,domains.list,domains.list,2025-10-27 09:54:58.295625+00:00,c9711f20a500aa427a3a798a
ads.pro-market.net,AVAILABILITY,domains.list,domains.list,2025-10-27 09:54:58.533502+00:00,c9711f20a500aa427a3a798a
ads.reddit.com,AVAILABILITY,domains.list,domains.list,2025-10-27 09:54:59.522479+00:00,c9711f20a500aa427a3a798a
ads.rubiconproject.com,AVAILABILITY,domains.list,domains.list,2025-10-27 09:54:59.730855+00:00,c9711f20a500aa427a3a798a
ads.saymedia.com,AVAILABILITY,domains.list,domains.list,2025-10-27 09:54:59.952218+00:00,c9711f20a500aa427a3a798a
ads.servebom.com,AVAILABILITY,domains.list,domains.list,2025-10-27 09:55:00.456884+00:00,c9711f20a500aa427a3a798a
ads.traffichunt.com,AVAILABILITY,domains.list,domains.list,2025-10-27 09:55:00.788001+00:00,c9711f20a500aa427a3a798a
ads.trafficjunky.net,AVAILABILITY,domains.list,domains.list,2025-10-27 09:55:01.599197+00:00,c9711f20a500aa427a3a798a
ads.yieldmo.com,AVAILABILITY,domains.list,domains.list,2025-10-27 09:55:01.843893+00:00,c9711f20a500aa427a3a798a
ads.yimg.com,AVAILABILITY,domains.list,domains.list,2025-10-27 09:55:02.041121+00:00,c9711f20a500aa427a3a798a
ads.youtube.com,AVAILABILITY,domains.list,domains.list,2025-10-27 09:55:02.643547+00:00,c9711f20a500aa427a3a798a
ads2.contentabc.com,AVAILABILITY,domains.list,domains.list,2025-10-27 09:55:04.063574+00:00,c9711f20a500aa427a3a798a
adsafeprotected.com,AVAILABILITY,domains.list,domains.list,2025-10-27 09:55:04.253392+00:00,c9711f20a500aa427a3a798a
adserver.adreactor.com,AVAILABILITY,domains.list,domains.list,2025-10-27 09:55:05.523318+00:00,c9711f20a500aa427a3a798a
adserver.exoticads.com,AVAILABILITY,domains.list,domains.list,2025-10-27 09:55:05.976302+00:00,c9711f20a500aa427a3a798a
adserver.juicyads.com,AVAILABILITY,domains.list,domains.list,2025-10-27 09:55:06.509875+00:00,c9711f20a500aa427a3a798a
adservices.picadmedia.com,AVAILABILITY,domains.list,domains.list,2025-10-27 09:55:06.770636+00:00,c9711f20a500aa427a3a798a
adshost2.com,AVAILABILITY,domains.list,domains.list,2025-10-27 09:55:07.579689+00:00,c9711f20a500aa427a3a798a
adspaces.ero-advertising.com,AVAILABILITY,domains.list,domains.list,2025-10-27 09:55:07.882562+00:00,c9711f20a500aa427a3a798a
adsx.greystripe.com,AVAILABILITY,domains.list,domains.list,2025-10-27 09:55:08.142154+00:00,c9711f20a500aa427a3a798a
adsyndication.msn.com,AVAILABILITY,domains.list,domains.list,2025-10-27 09:55:08.334401+00:00,c9711f20a500aa427a3a798a
adtgs.adk2x.com,AVAILABILITY,domains.list,domains.list,2025-10-27 09:55:08.847870+00:00,c9711f20a500aa427a3a798a
adx.g.doubleclick.net,AVAILABILITY,domains.list,domains.list,2025-10-27 09:55:09.499325+00:00,c9711f20a500aa427a3a798a
adzerk.net,AVAILABILITY,domains.list,domains.list,2025-10-27 09:55:09.646322+00:00,c9711f20a500aa427a3a798a
affiliate.2mdn.net,AVAILABILITY,domains.list,domains.list,2025-10-27 09:55:11.135341+00:00,c9711f20a500aa427a3a798a
ah.yimg.jp,AVAILABILITY,domains.list,domains.list,2025-10-27 09:55:12.502541+00:00,c9711f20a500aa427a3a798a
amung.us,AVAILABILITY,domains.list,domains.list,2025-10-27 09:55:13.135924+00:00,c9711f20a500aa427a3a798a
an.yandex.ru,AVAILABILITY,domains.list,domains.list,2025-10-27 09:55:14.045474+00:00,c9711f20a500aa427a3a798a
ap.lijit.com,AVAILABILITY,domains.list,domains.list,2025-10-27 09:55:14.284311+00:00,c9711f20a500aa427a3a798a
api.adsnative.com,AVAILABILITY,domains.list,domains.list,2025-10-27 09:55:15.085410+00:00,c9711f20a500aa427a3a798a
api.unthem.com,AVAILABILITY,domains.list,domains.list,2025-10-27 09:55:16.591639+00:00,c9711f20a500aa427a3a798a
api.viglink.com,AVAILABILITY,domains.list,domains.list,2025-10-27 09:55:16.799946+00:00,c9711f20a500aa427a3a798a
api9.net,AVAILABILITY,domains.list,domains.list,2025-10-27 09:55:17.296506+00:00,c9711f20a500aa427a3a798a
app.brightinfo.com,AVAILABILITY,domains.list,domains.list,2025-10-27 09:55:18.020352+00:00,c9711f20a500aa427a3a798a
appfly.mobi,AVAILABILITY,domains.list,domains.list,2025-10-27 09:55:25.663503+00:00,c9711f20a500aa427a3a798a
applab-sdk.amazon.com,AVAILABILITY,domains.list,domains.list,2025-10-27 09:55:45.965665+00:00,c9711f20a500aa427a3a798a
appnexus.com,AVAILABILITY,domains.list,domains.list,2025-10-27 09:55:47.403700+00:00,c9711f20a500aa427a3a798a
assets.applovin.com,AVAILABILITY,domains.list,domains.list,2025-10-27 09:55:48.109508+00:00,c9711f20a500aa427a3a798a
atdmt-a.akamaihd.net,AVAILABILITY,domains.list,domains.list,2025-10-27 09:55:49.892547+00:00,c9711f20a500aa427a3a798a
avnads.com,AVAILABILITY,domains.list,domains.list,2025-10-27 09:55:50.769109+00:00,c9711f20a500aa427a3a798a
az708531.vo.msecnd.net,AVAILABILITY,domains.list,domains.list,2025-10-27 09:55:50.983125+00:00,c9711f20a500aa427a3a798a
banners.proboards.com,AVAILABILITY,domains.list,domains.list,2025-10-27 09:56:11.737660+00:00,c9711f20a500aa427a3a798a
bcp.crwdcntrl.net,AVAILABILITY,domains.list,domains.list,2025-10-27 09:56:12.150397+00:00,c9711f20a500aa427a3a798a
bdv.bidvertiser.com,AVAILABILITY,domains.list,domains.list,2025-10-27 09:56:12.320733+00:00,c9711f20a500aa427a3a798a
bea4.v.fwmrm.net,AVAILABILITY,domains.list,domains.list,2025-10-27 09:56:12.553016+00:00,c9711f20a500aa427a3a798a
beacon.scorecardresearch.com,AVAILABILITY,domains.list,domains.list,2025-10-27 09:56:12.815925+00:00,c9711f20a500aa427a3a798a
bidvertiser.com,AVAILABILITY,domains.list,domains.list,2025-10-27 09:56:13.712564+00:00,c9711f20a500aa427a3a798a
bluekai.com,AVAILABILITY,domains.list,domains.list,2025-10-27 09:56:14.491909+00:00,c9711f20a500aa427a3a798a
build-cdn.liftoff.io,AVAILABILITY,domains.list,domains.list,2025-10-27 09:56:15.089792+00:00,c9711f20a500aa427a3a798a
bullseye.backbeatmedia.com,AVAILABILITY,domains.list,domains.list,2025-10-27 09:56:15.379240+00:00,c9711f20a500aa427a3a798a
buysellads.com,AVAILABILITY,domains.list,domains.list,2025-10-27 09:56:17.172319+00:00,c9711f20a500aa427a3a798a
c.admob.com,AVAILABILITY,domains.list,domains.list,2025-10-27 09:56:17.645170+00:00,c9711f20a500aa427a3a798a
c.amazon-adsystem.com,AVAILABILITY,domains.list,domains.list,2025-10-27 09:56:18.165159+00:00,c9711f20a500aa427a3a798a
c.betrad.com,AVAILABILITY,domains.list,domains.list,2025-10-27 09:56:18.523150+00:00,c9711f20a500aa427a3a798a
c.greystripe.com,AVAILABILITY,domains.list,domains.list,2025-10-27 09:56:18.807028+00:00,c9711f20a500aa427a3a798a
c.w.inmobi.com,AVAILABILITY,domains.list,domains.list,2025-10-27 09:56:19.239899+00:00,c9711f20a500aa427a3a798a
c1.popads.net,AVAILABILITY,domains.list,domains.list,2025-10-27 09:56:19.814036+00:00,c9711f20a500aa427a3a798a
c2.popads.net,AVAILABILITY,domains.list,domains.list,2025-10-27 09:56:19.994339+00:00,c9711f20a500aa427a3a798a
cas.criteo.com,AVAILABILITY,domains.list,domains.list,2025-10-27 09:56:20.657384+00:00,c9711f20a500aa427a3a798a
cdn-01.yumenetworks.com,AVAILABILITY,domains.list,domains.list,2025-10-27 09:56:35.943671+00:00,c9711f20a500aa427a3a798a
cdn.adf.ly,AVAILABILITY,domains.list,domains.list,2025-10-27 09:56:36.481476+00:00,c9711f20a500aa427a3a798a
cdn.adk2.com,AVAILABILITY,domains.list,domains.list,2025-10-27 09:56:36.761019+00:00,c9711f20a500aa427a3a798a
cdn.adnxs.com,AVAILABILITY,domains.list,domains.list,2025-10-27 09:56:37.325182+00:00,c9711f20a500aa427a3a798a
cdn.adshexa.com,AVAILABILITY,domains.list,domains.list,2025-10-27 09:56:37.778090+00:00,c9711f20a500aa427a3a798a
cdn.applift.com,AVAILABILITY,domains.list,domains.list,2025-10-27 09:56:39.086175+00:00,c9711f20a500aa427a3a798a
cdn.at.atwola.com,AVAILABILITY,domains.list,domains.list,2025-10-27 09:56:39.585437+00:00,c9711f20a500aa427a3a798a
cdn.bttrack.com,AVAILABILITY,domains.list,domains.list,2025-10-27 09:56:40.000485+00:00,c9711f20a500aa427a3a798a
cdn.cpmstar.com,AVAILABILITY,domains.list,domains.list,2025-10-27 09:56:41.037800+00:00,c9711f20a500aa427a3a798a
cdn.elasticad.net,AVAILABILITY,domains.list,domains.list,2025-10-27 09:56:41.666136+00:00,c9711f20a500aa427a3a798a
cdn.engine.phn.doublepimp.com,AVAILABILITY,domains.list,domains.list,2025-10-27 09:57:02.060603+00:00,c9711f20a500aa427a3a798a
cdn.fastclick.net,AVAILABILITY,domains.list,domains.list,2025-10-27 09:57:02.281156+00:00,c9711f20a500aa427a3a798a
cdn.flashtalking.com,AVAILABILITY,domains.list,domains.list,2025-10-27 09:57:02.496062+00:00,c9711f20a500aa427a3a798a
cdn.media.innity.net,AVAILABILITY,domains.list,domains.list,2025-10-27 09:57:04.270119+00:00,c9711f20a500aa427a3a798a
cdn.mediative.ca,AVAILABILITY,domains.list,domains.list,2025-10-27 09:57:24.590745+00:00,c9711f20a500aa427a3a798a
cdn.mobicow.com,AVAILABILITY,domains.list,domains.list,2025-10-27 09:57:44.962250+00:00,c9711f20a500aa427a3a798a
cdn.mxpnl.com,AVAILABILITY,domains.list,domains.list,2025-10-27 09:57:45.585267+00:00,c9711f20a500aa427a3a798a
cdn.popcash.net,AVAILABILITY,domains.list,domains.list,2025-10-27 09:57:45.799733+00:00,c9711f20a500aa427a3a798a
cdn.pubexchange.com,AVAILABILITY,domains.list,domains.list,2025-10-27 09:57:46.143716+00:00,c9711f20a500aa427a3a798a
cdn.pubnative.net,AVAILABILITY,domains.list,domains.list,2025-10-27 09:57:46.607237+00:00,c9711f20a500aa427a3a798a
cdn.viglink.com,AVAILABILITY,domains.list,domains.list,2025-10-27 09:57:47.169397+00:00,c9711f20a500aa427a3a798a
cdn1.inner-active.mobi,AVAILABILITY,domains.list,domains.list,2025-10-27 09:57:47.345875+00:00,c9711f20a500aa427a3a798a
cdn1.reporo.net,AVAILABILITY,domains.list,domains.list,2025-10-27 09:57:48.943743+00:00,c9711f20a500aa427a3a798a
cdn1.rhtag.com,AVAILABILITY,domains.list,domains.list,2025-10-27 09:57:49.480812+00:00,c9711f20a500aa427a3a798a
cdn1.smartadserver.com,AVAILABILITY,domains.list,domains.list,2025-10-27 09:57:50.682656+00:00,c9711f20a500aa427a3a798a
cdn2.inner-active.mobi,AVAILABILITY,domains.list,domains.list,2025-10-27 09:57:51.103764+00:00,c9711f20a500aa427a3a798a
cdn2.reporo.net,AVAILABILITY,domains.list,domains.list,2025-10-27 09:57:52.121203+00:00,c9711f20a500aa427a3a798a
cdn3.doubleverify.com,AVAILABILITY,domains.list,domains.list,2025-10-27 09:57:52.475723+00:00,c9711f20a500aa427a3a798a
ced.sascdn.com,AVAILABILITY,domains.list,domains.list,2025-10-27 09:57:54.454859+00:00,c9711f20a500aa427a3a798a
cf.cdn.inmobi.com,AVAILABILITY,domains.list,domains.list,2025-10-27 09:57:55.162125+00:00,c9711f20a500aa427a3a798a
china.inmobi.com,AVAILABILITY,domains.list,domains.list,2025-10-27 09:57:56.197611+00:00,c9711f20a500aa427a3a798a
choices.truste.com,AVAILABILITY,domains.list,domains.list,2025-10-27 09:57:56.459957+00:00,c9711f20a500aa427a3a798a
clickadu.com,AVAILABILITY,domains.list,domains.list,2025-10-27 09:57:58.105867+00:00,c9711f20a500aa427a3a798a
clkmon.com,AVAILABILITY,domains.list,domains.list,2025-10-27 09:57:58.519345+00:00,c9711f20a500aa427a3a798a
clkrev.com,AVAILABILITY,domains.list,domains.list,2025-10-27 09:57:58.807641+00:00,c9711f20a500aa427a3a798a
cm.g.doubleclick.net,AVAILABILITY,domains.list,domains.list,2025-10-27 09:57:59.199093+00:00,c9711f20a500aa427a3a798a
coinurl.com,AVAILABILITY,domains.list,domains.list,2025-10-27 09:58:01.091858+00:00,c9711f20a500aa427a3a798a
connect.decknetwork.net,AVAILABILITY,domains.list,domains.list,2025-10-27 09:58:21.268307+00:00,c9711f20a500aa427a3a798a
content.yieldmanager.edgesuite.net,AVAILABILITY,domains.list,domains.list,2025-10-27 09:58:21.475803+00:00,c9711f20a500aa427a3a798a
contextual.media.net,AVAILABILITY,domains.list,domains.list,2025-10-27 09:58:21.764754+00:00,c9711f20a500aa427a3a798a
creative.cc-dt.com,AVAILABILITY,domains.list,domains.list,2025-10-27 09:58:22.208941+00:00,c9711f20a500aa427a3a798a
creative.wwwpromoter.com,AVAILABILITY,domains.list,domains.list,2025-10-27 09:58:22.606521+00:00,c9711f20a500aa427a3a798a
creative1cdn.mobfox.com,AVAILABILITY,domains.list,domains.list,2025-10-27 09:58:23.044803+00:00,c9711f20a500aa427a3a798a
creatives.doubleclick.net,AVAILABILITY,domains.list,domains.list,2025-10-27 09:58:23.446567+00:00,c9711f20a500aa427a3a798a
crp-concursos.com,AVAILABILITY,domains.list,domains.list,2025-10-27 09:58:24.681924+00:00,c9711f20a500aa427a3a798a
crwdcntrl.net,AVAILABILITY,domains.list,domains.list,2025-10-27 09:58:44.833116+00:00,c9711f20a500aa427a3a798a
ctxt.tribalfusion.com,AVAILABILITY,domains.list,domains.list,2025-10-27 09:59:05.111733+00:00,c9711f20a500aa427a3a798a
d-cache.microad.jp,AVAILABILITY,domains.list,domains.list,2025-10-27 09:59:05.658098+00:00,c9711f20a500aa427a3a798a
d.adroll.com,AVAILABILITY,domains.list,domains.list,2025-10-27 09:59:05.864798+00:00,c9711f20a500aa427a3a798a
d.plugrush.com,AVAILABILITY,domains.list,domains.list,2025-10-27 09:59:06.099931+00:00,c9711f20a500aa427a3a798a
dart-apac.l.doubleclick.net,AVAILABILITY,domains.list,domains.list,2025-10-27 09:59:06.385379+00:00,c9711f20a500aa427a3a798a
deliver.ads2.iid.jp,AVAILABILITY,domains.list,domains.list,2025-10-27 09:59:07.731957+00:00,c9711f20a500aa427a3a798a
delivery.switchadhub.com,AVAILABILITY,domains.list,domains.list,2025-10-27 09:59:08.185178+00:00,c9711f20a500aa427a3a798a
delivery.us.myswitchads.com,AVAILABILITY,domains.list,domains.list,2025-10-27 09:59:08.556226+00:00,c9711f20a500aa427a3a798a
dev.visualwebsiteoptimizer.com,AVAILABILITY,domains.list,domains.list,2025-10-27 09:59:08.786610+00:00,c9711f20a500aa427a3a798a
dfp.doubleclick.net,AVAILABILITY,domains.list,domains.list,2025-10-27 09:59:10.031922+00:00,c9711f20a500aa427a3a798a
disqusads.com,AVAILABILITY,domains.list,domains.list,2025-10-27 09:59:10.466524+00:00,c9711f20a500aa427a3a798a
doubleclick.com,AVAILABILITY,domains.list,domains.list,2025-10-27 09:59:10.700988+00:00,c9711f20a500aa427a3a798a
doubleclick.de,AVAILABILITY,domains.list,domains.list,2025-10-27 09:59:11.494678+00:00,c9711f20a500aa427a3a798a
doubleclick.ne.jp,AVAILABILITY,domains.list,domains.list,2025-10-27 09:59:12.531954+00:00,c9711f20a500aa427a3a798a
doubleclick.net,AVAILABILITY,domains.list,domains.list,2025-10-27 09:59:12.784737+00:00,c9711f20a500aa427a3a798a
dp.g.doubleclick.net,AVAILABILITY,domains.list,domains.list,2025-10-27 09:59:13.018725+00:00,c9711f20a500aa427a3a798a
dra.amazon-adsystem.com,AVAILABILITY,domains.list,domains.list,2025-10-27 09:59:13.587592+00:00,c9711f20a500aa427a3a798a
dynaserv.ads360.com,AVAILABILITY,domains.list,domains.list,2025-10-27 09:59:15.527171+00:00,c9711f20a500aa427a3a798a
eclkmpsa.com,AVAILABILITY,domains.list,domains.list,2025-10-27 09:59:16.205380+00:00,c9711f20a500aa427a3a798a
edge.quantserve.com,AVAILABILITY,domains.list,domains.list,2025-10-27 09:59:16.516287+00:00,c9711f20a500aa427a3a798a
embed.insticator.com,AVAILABILITY,domains.list,domains.list,2025-10-27 09:59:17.536461+00:00,c9711f20a500aa427a3a798a
engine.4chan-ads.org,AVAILABILITY,domains.list,domains.list,2025-10-27 09:59:17.723303+00:00,c9711f20a500aa427a3a798a
engine.adzerk.net,AVAILABILITY,domains.list,domains.list,2025-10-27 09:59:18.042531+00:00,c9711f20a500aa427a3a798a
engine2.adzerk.net,AVAILABILITY,domains.list,domains.list,2025-10-27 09:59:18.427877+00:00,c9711f20a500aa427a3a798a
et.w.inmobi.com,AVAILABILITY,domains.list,domains.list,2025-10-27 09:59:18.808687+00:00,c9711f20a500aa427a3a798a
etarg.ru,AVAILABILITY,domains.list,domains.list,2025-10-27 09:59:20.313438+00:00,c9711f20a500aa427a3a798a
eu2.madsone.com,AVAILABILITY,domains.list,domains.list,2025-10-27 09:59:21.247869+00:00,c9711f20a500aa427a3a798a
exchange.nativeads.com,AVAILABILITY,domains.list,domains.list,2025-10-27 09:59:21.479127+00:00,c9711f20a500aa427a3a798a
expo9.exponential.com,AVAILABILITY,domains.list,domains.list,2025-10-27 09:59:41.701850+00:00,c9711f20a500aa427a3a798a
exponential.com,AVAILABILITY,domains.list,domains.list,2025-10-27 09:59:42.235348+00:00,c9711f20a500aa427a3a798a
extra.thebigboss.org,AVAILABILITY,domains.list,domains.list,2025-10-27 09:59:42.664091+00:00,c9711f20a500aa427a3a798a
feedads.g.doubleclick.net,AVAILABILITY,domains.list,domains.list,2025-10-27 09:59:43.106761+00:00,c9711f20a500aa427a3a798a
fls-na.amazon.com,AVAILABILITY,domains.list,domains.list,2025-10-27 09:59:43.804655+00:00,c9711f20a500aa427a3a798a
fls.doubleclick.net,AVAILABILITY,domains.list,domains.list,2025-10-27 09:59:43.990610+00:00,c9711f20a500aa427a3a798a
fls.uk.doubleclick.net,AVAILABILITY,domains.list,domains.list,2025-10-27 09:59:44.235774+00:00,c9711f20a500aa427a3a798a
fresh8.co,AVAILABILITY,domains.list,domains.list,2025-10-27 09:59:44.375455+00:00,c9711f20a500aa427a3a798a
fusion.di.se,AVAILABILITY,domains.list,domains.list,2025-10-27 09:59:45.812983+00:00,c9711f20a500aa427a3a798a
fusion.dn.se,AVAILABILITY,domains.list,domains.list,2025-10-27 09:59:47.589646+00:00,c9711f20a500aa427a3a798a
fusion.expressen.se,AVAILABILITY,domains.list,domains.list,2025-10-27 09:59:48.993444+00:00,c9711f20a500aa427a3a798a
fusion.va.se,AVAILABILITY,domains.list,domains.list,2025-10-27 09:59:49.970369+00:00,c9711f20a500aa427a3a798a
g1.v.fwmrm.net,AVAILABILITY,domains.list,domains.list,2025-10-27 09:59:50.209492+00:00,c9711f20a500aa427a3a798a
g2.gumgum.com,AVAILABILITY,domains.list,domains.list,2025-10-27 09:59:50.403182+00:00,c9711f20a500aa427a3a798a
gam.adnxs.com,AVAILABILITY,domains.list,domains.list,2025-10-27 09:59:50.583313+00:00,c9711f20a500aa427a3a798a
gan.doubleclick.net,AVAILABILITY,domains.list,domains.list,2025-10-27 09:59:50.870901+00:00,c9711f20a500aa427a3a798a
go.lfstmedia.com,AVAILABILITY,domains.list,domains.list,2025-10-27 09:59:51.600100+00:00,c9711f20a500aa427a3a798a
go.padsdel.com,AVAILABILITY,domains.list,domains.list,2025-10-27 09:59:52.206148+00:00,c9711f20a500aa427a3a798a
googleads.g.doubleclick.net,AVAILABILITY,domains.list,domains.list,2025-10-27 09:59:52.623766+00:00,c9711f20a500aa427a3a798a
googleads2.g.doubleclick.net,AVAILABILITY,domains.list,domains.list,2025-10-27 09:59:52.922975+00:00,c9711f20a500aa427a3a798a
html5adkit.plusmo.s3.amazonaws.com,AVAILABILITY,domains.list,domains.list,2025-10-27 09:59:53.368172+00:00,c9711f20a500aa427a3a798a
i.po.st,AVAILABILITY,domains.list,domains.list,2025-10-27 09:59:53.843113+00:00,c9711f20a500aa427a3a798a
i.w.inmobi.com,AVAILABILITY,domains.list,domains.list,2025-10-27 09:59:54.471595+00:00,c9711f20a500aa427a3a798a
ib.adnxs.com,AVAILABILITY,domains.list,domains.list,2025-10-27 09:59:54.772472+00:00,c9711f20a500aa427a3a798a
igpiphone.gameloft.com,AVAILABILITY,domains.list,domains.list,2025-10-27 09:59:55.065118+00:00,c9711f20a500aa427a3a798a
imads.integral-marketing.com,AVAILABILITY,domains.list,domains.list,2025-10-27 09:59:55.542809+00:00,c9711f20a500aa427a3a798a
images.outbrain.com,AVAILABILITY,domains.list,domains.list,2025-10-27 09:59:55.965327+00:00,c9711f20a500aa427a3a798a
images.revmob.com,AVAILABILITY,domains.list,domains.list,2025-10-27 09:59:56.452310+00:00,c9711f20a500aa427a3a798a
img.ak.impact-ad.jp,AVAILABILITY,domains.list,domains.list,2025-10-27 09:59:57.273608+00:00,c9711f20a500aa427a3a798a
impact.applifier.com,AVAILABILITY,domains.list,domains.list,2025-10-27 09:59:57.577712+00:00,c9711f20a500aa427a3a798a
ingameads.gameloft.com,AVAILABILITY,domains.list,domains.list,2025-10-27 09:59:57.796343+00:00,c9711f20a500aa427a3a798a
inmobisdk-a.akamaihd.net,AVAILABILITY,domains.list,domains.list,2025-10-27 09:59:58.204429+00:00,c9711f20a500aa427a3a798a
inneractive-assets.s3.amazonaws.com,AVAILABILITY,domains.list,domains.list,2025-10-27 09:59:58.687837+00:00,c9711f20a500aa427a3a798a
integral-marketing.com,AVAILABILITY,domains.list,domains.list,2025-10-27 09:59:58.986231+00:00,c9711f20a500aa427a3a798a
invitemedia.com,AVAILABILITY,domains.list,domains.list,2025-10-27 09:59:59.154338+00:00,c9711f20a500aa427a3a798a
ios.bcfads.com,AVAILABILITY,domains.list,domains.list,2025-10-27 09:59:59.352508+00:00,c9711f20a500aa427a3a798a
ir-na.amazon-adsystem.com,AVAILABILITY,domains.list,domains.list,2025-10-27 10:00:19.699909+00:00,c9711f20a500aa427a3a798a
ir.doubleclick.net,AVAILABILITY,domains.list,domains.list,2025-10-27 10:00:20.022920+00:00,c9711f20a500aa427a3a798a
iv.doubleclick.net,AVAILABILITY,domains.list,domains.list,2025-10-27 10:00:20.421984+00:00,c9711f20a500aa427a3a798a
j.adlooxtracking.com,AVAILABILITY,domains.list,domains.list,2025-10-27 10:00:20.870100+00:00,c9711f20a500aa427a3a798a
jadserve.postrelease.com,AVAILABILITY,domains.list,domains.list,2025-10-27 10:00:21.091816+00:00,c9711f20a500aa427a3a798a
japan.inmobi.com,AVAILABILITY,domains.list,domains.list,2025-10-27 10:00:22.122532+00:00,c9711f20a500aa427a3a798a
js.adsonar.com,AVAILABILITY,domains.list,domains.list,2025-10-27 10:00:22.728851+00:00,c9711f20a500aa427a3a798a
js.grt02.com,AVAILABILITY,domains.list,domains.list,2025-10-27 10:00:23.183266+00:00,c9711f20a500aa427a3a798a
js.revsci.net,AVAILABILITY,domains.list,domains.list,2025-10-27 10:00:24.526630+00:00,c9711f20a500aa427a3a798a
jsc.adskeeper.co.uk,AVAILABILITY,domains.list,domains.list,2025-10-27 10:00:24.895202+00:00,c9711f20a500aa427a3a798a
jsc.dt07.net,AVAILABILITY,domains.list,domains.list,2025-10-27 10:00:25.301335+00:00,c9711f20a500aa427a3a798a
jsc.marketgid.com,AVAILABILITY,domains.list,domains.list,2025-10-27 10:00:25.792344+00:00,c9711f20a500aa427a3a798a
jsc.mgid.com,AVAILABILITY,domains.list,domains.list,2025-10-27 10:00:26.952056+00:00,c9711f20a500aa427a3a798a
ko.snstatic.fi,AVAILABILITY,domains.list,domains.list,2025-10-27 10:00:47.252265+00:00,c9711f20a500aa427a3a798a
ktu.sv2.biz,AVAILABILITY,domains.list,domains.list,2025-10-27 10:00:47.868535+00:00,c9711f20a500aa427a3a798a
lax1.ib.adnxs.com,AVAILABILITY,domains.list,domains.list,2025-10-27 10:00:48.037194+00:00,c9711f20a500aa427a3a798a
log.outbrain.com,AVAILABILITY,domains.list,domains.list,2025-10-27 10:00:48.368068+00:00,c9711f20a500aa427a3a798a
m.2mdn.net,AVAILABILITY,domains.list,domains.list,2025-10-27 10:00:48.599378+00:00,c9711f20a500aa427a3a798a
m.doubleclick.net,AVAILABILITY,domains.list,domains.list,2025-10-27 10:00:49.237869+00:00,c9711f20a500aa427a3a798a
m1.2mdn.net,AVAILABILITY,domains.list,domains.list,2025-10-27 10:00:49.537840+00:00,c9711f20a500aa427a3a798a
m2m1.inner-active.mobi,AVAILABILITY,domains.list,domains.list,2025-10-27 10:00:49.832829+00:00,c9711f20a500aa427a3a798a
marketing.888.com,AVAILABILITY,domains.list,domains.list,2025-10-27 10:00:51.289101+00:00,c9711f20a500aa427a3a798a
mc.yandex.ru,AVAILABILITY,domains.list,domains.list,2025-10-27 10:00:53.166659+00:00,c9711f20a500aa427a3a798a
media.admob.com,AVAILABILITY,domains.list,domains.list,2025-10-27 10:00:53.543346+00:00,c9711f20a500aa427a3a798a
media.fastclick.net,AVAILABILITY,domains.list,domains.list,2025-10-27 10:00:53.739490+00:00,c9711f20a500aa427a3a798a
media.trafficfactory.biz,AVAILABILITY,domains.list,domains.list,2025-10-27 10:00:56.670639+00:00,c9711f20a500aa427a3a798a
media.trafficjunky.net,AVAILABILITY,domains.list,domains.list,2025-10-27 10:00:57.441739+00:00,c9711f20a500aa427a3a798a
mediaplex.fr,AVAILABILITY,domains.list,domains.list,2025-10-27 10:01:00.247262+00:00,c9711f20a500aa427a3a798a
mm.chitika.net,AVAILABILITY,domains.list,domains.list,2025-10-27 10:01:00.739462+00:00,c9711f20a500aa427a3a798a
mobile.adnxs.com,AVAILABILITY,domains.list,domains.list,2025-10-27 10:01:00.953790+00:00,c9711f20a500aa427a3a798a
mobile.juicyads.com,AVAILABILITY,domains.list,domains.list,2025-10-27 10:01:03.253235+00:00,c9711f20a500aa427a3a798a
mobile.smartadserver.com,AVAILABILITY,domains.list,domains.list,2025-10-27 10:01:03.479016+00:00,c9711f20a500aa427a3a798a
motifcdn.doubleclick.net,AVAILABILITY,domains.list,domains.list,2025-10-27 10:01:04.083880+00:00,c9711f20a500aa427a3a798a
motifcdn2.doubleclick.net,AVAILABILITY,domains.list,domains.list,2025-10-27 10:01:04.385557+00:00,c9711f20a500aa427a3a798a
mresell.macworld.co.uk,AVAILABILITY,domains.list,domains.list,2025-10-27 10:01:05.585022+00:00,c9711f20a500aa427a3a798a
mxpopad.com,AVAILABILITY,domains.list,domains.list,2025-10-27 10:01:06.961966+00:00,c9711f20a500aa427a3a798a
my.hellobar.com,AVAILABILITY,domains.list,domains.list,2025-10-27 10:01:07.423839+00:00,c9711f20a500aa427a3a798a
my.mobfox.com,AVAILABILITY,domains.list,domains.list,2025-10-27 10:01:07.898572+00:00,c9711f20a500aa427a3a798a
mydas.mobi,AVAILABILITY,domains.list,domains.list,2025-10-27 10:01:08.749075+00:00,c9711f20a500aa427a3a798a
n4052ad.doubleclick.net,AVAILABILITY,domains.list,domains.list,2025-10-27 10:01:09.142164+00:00,c9711f20a500aa427a3a798a
n4061ad.hk.doubleclick.net,AVAILABILITY,domains.list,domains.list,2025-10-27 10:01:09.431902+00:00,c9711f20a500aa427a3a798a
n4403ad.doubleclick.net,AVAILABILITY,domains.list,domains.list,2025-10-27 10:01:09.825875+00:00,c9711f20a500aa427a3a798a
n479ad.doubleclick.net,AVAILABILITY,domains.list,domains.list,2025-10-27 10:01:10.142758+00:00,c9711f20a500aa427a3a798a
native.sharethrough.com,AVAILABILITY,domains.list,domains.list,2025-10-27 10:01:10.501969+00:00,c9711f20a500aa427a3a798a
novadune.com,AVAILABILITY,domains.list,domains.list,2025-10-27 10:01:11.454360+00:00,c9711f20a500aa427a3a798a
nym1.ib.adnxs.com,AVAILABILITY,domains.list,domains.list,2025-10-27 10:01:11.929497+00:00,c9711f20a500aa427a3a798a
nyyed.com,AVAILABILITY,domains.list,domains.list,2025-10-27 10:01:12.405419+00:00,c9711f20a500aa427a3a798a
ocsp.apple.com,AVAILABILITY,domains.list,domains.list,2025-10-27 10:01:13.709944+00:00,c9711f20a500aa427a3a798a
odb.outbrain.com,AVAILABILITY,domains.list,domains.list,2025-10-27 10:01:14.007400+00:00,c9711f20a500aa427a3a798a
onclickads.net,AVAILABILITY,domains.list,domains.list,2025-10-27 10:01:15.186421+00:00,c9711f20a500aa427a3a798a
openad.tf1.fr,AVAILABILITY,domains.list,domains.list,2025-10-27 10:01:15.417315+00:00,c9711f20a500aa427a3a798a
out.popads.net,AVAILABILITY,domains.list,domains.list,2025-10-27 10:01:16.670775+00:00,c9711f20a500aa427a3a798a
outbrain.com,AVAILABILITY,domains.list,domains.list,2025-10-27 10:01:17.202891+00:00,c9711f20a500aa427a3a798a
overture.com,AVAILABILITY,domains.list,domains.list,2025-10-27 10:01:20.753547+00:00,c9711f20a500aa427a3a798a
pagead.l.google.com,AVAILABILITY,domains.list,domains.list,2025-10-27 10:01:21.250159+00:00,c9711f20a500aa427a3a798a
pagead2.googleadservices.com,AVAILABILITY,domains.list,domains.list,2025-10-27 10:01:21.667169+00:00,c9711f20a500aa427a3a798a
pagead2.googlesyndication.com,AVAILABILITY,domains.list,domains.list,2025-10-27 10:01:21.848344+00:00,c9711f20a500aa427a3a798a
partner.googleadservices.com,AVAILABILITY,domains.list,domains.list,2025-10-27 10:01:22.058850+00:00,c9711f20a500aa427a3a798a
partnerad.l.doubleclick.net,AVAILABILITY,domains.list,domains.list,2025-10-27 10:01:22.361368+00:00,c9711f20a500aa427a3a798a
partners.swoop.com,AVAILABILITY,domains.list,domains.list,2025-10-27 10:01:22.784709+00:00,c9711f20a500aa427a3a798a
paypalssl.doubleclick.net,AVAILABILITY,domains.list,domains.list,2025-10-27 10:01:23.217853+00:00,c9711f20a500aa427a3a798a
pixel.adsafeprotected.com,AVAILABILITY,domains.list,domains.list,2025-10-27 10:01:23.567193+00:00,c9711f20a500aa427a3a798a
pixel.mathtag.com,AVAILABILITY,domains.list,domains.list,2025-10-27 10:01:24.125741+00:00,c9711f20a500aa427a3a798a
pixel.quantserve.com,AVAILABILITY,domains.list,domains.list,2025-10-27 10:01:24.308044+00:00,c9711f20a500aa427a3a798a
pixel.rubiconproject.com,AVAILABILITY,domains.list,domains.list,2025-10-27 10:01:24.585750+00:00,c9711f20a500aa427a3a798a
pq-direct.revsci.net,AVAILABILITY,domains.list,domains.list,2025-10-27 10:01:25.320916+00:00,c9711f20a500aa427a3a798a
prm.europacash.com,AVAILABILITY,domains.list,domains.list,2025-10-27 10:01:25.918797+00:00,c9711f20a500aa427a3a798a
projectwonderful.com,AVAILABILITY,domains.list,domains.list,2025-10-27 10:01:26.443664+00:00,c9711f20a500aa427a3a798a
pt.trafficjunky.net,AVAILABILITY,domains.list,domains.list,2025-10-27 10:01:27.275064+00:00,c9711f20a500aa427a3a798a
pub.clicksor.net,AVAILABILITY,domains.list,domains.list,2025-10-27 10:01:27.479772+00:00,c9711f20a500aa427a3a798a
pub.mobiright.com,AVAILABILITY,domains.list,domains.list,2025-10-27 10:01:27.669724+00:00,c9711f20a500aa427a3a798a
pubads.g.doubleclick.net,AVAILABILITY,domains.list,domains.list,2025-10-27 10:01:27.952941+00:00,c9711f20a500aa427a3a798a
q1mediahydraplatform.com,AVAILABILITY,domains.list,domains.list,2025-10-27 10:01:28.427297+00:00,c9711f20a500aa427a3a798a
quantserve.com,AVAILABILITY,domains.list,domains.list,2025-10-27 10:01:28.734608+00:00,c9711f20a500aa427a3a798a
r.edge.inmobicdn.net,AVAILABILITY,domains.list,domains.list,2025-10-27 10:01:29.717936+00:00,c9711f20a500aa427a3a798a
r.w.inmobi.com,AVAILABILITY,domains.list,domains.list,2025-10-27 10:01:31.820002+00:00,c9711f20a500aa427a3a798a
rad.live.com,AVAILABILITY,domains.list,domains.list,2025-10-27 10:01:32.259598+00:00,c9711f20a500aa427a3a798a
rcm-images.amazon.com,AVAILABILITY,domains.list,domains.list,2025-10-27 10:01:32.464774+00:00,c9711f20a500aa427a3a798a
rcm-it.amazon.it,AVAILABILITY,domains.list,domains.list,2025-10-27 10:01:52.647199+00:00,c9711f20a500aa427a3a798a
rcm-na.amazon-adsystem.com,AVAILABILITY,domains.list,domains.list,2025-10-27 10:01:53.013121+00:00,c9711f20a500aa427a3a798a
req.startappservice.com,AVAILABILITY,domains.list,domains.list,2025-10-27 10:01:53.340571+00:00,c9711f20a500aa427a3a798a
resources.infolinks.com,AVAILABILITY,domains.list,domains.list,2025-10-27 10:01:53.537122+00:00,c9711f20a500aa427a3a798a
revmob-creatives.s3.amazonaws.com,AVAILABILITY,domains.list,domains.list,2025-10-27 10:01:53.885591+00:00,c9711f20a500aa427a3a798a
rmbn.net,AVAILABILITY,domains.list,domains.list,2025-10-27 10:01:54.210582+00:00,c9711f20a500aa427a3a798a
router.infolinks.com,AVAILABILITY,domains.list,domains.list,2025-10-27 10:01:54.390932+00:00,c9711f20a500aa427a3a798a
rss.buysellads.com,AVAILABILITY,domains.list,domains.list,2025-10-27 10:01:55.260970+00:00,c9711f20a500aa427a3a798a
rtb.adgrx.com,AVAILABILITY,domains.list,domains.list,2025-10-27 10:01:55.482281+00:00,c9711f20a500aa427a3a798a
s-static.innovid.com,AVAILABILITY,domains.list,domains.list,2025-10-27 10:01:56.043083+00:00,c9711f20a500aa427a3a798a
s.amazon-adsystem.com,AVAILABILITY,domains.list,domains.list,2025-10-27 10:01:56.719954+00:00,c9711f20a500aa427a3a798a
s.moatads.com,AVAILABILITY,domains.list,domains.list,2025-10-27 10:01:57.167064+00:00,c9711f20a500aa427a3a798a
s.skimresources.com,AVAILABILITY,domains.list,domains.list,2025-10-27 10:01:57.607817+00:00,c9711f20a500aa427a3a798a
s.zkcdn.net,AVAILABILITY,domains.list,domains.list,2025-10-27 10:01:57.942773+00:00,c9711f20a500aa427a3a798a
s0.doubleclick.net,AVAILABILITY,domains.list,domains.list,2025-10-27 10:01:58.268212+00:00,c9711f20a500aa427a3a798a
s1.2mdn.net,AVAILABILITY,domains.list,domains.list,2025-10-27 10:01:58.473837+00:00,c9711f20a500aa427a3a798a
s2.adform.net,AVAILABILITY,domains.list,domains.list,2025-10-27 10:01:59.011218+00:00,c9711f20a500aa427a3a798a
s2.video.doubleclick.net,AVAILABILITY,domains.list,domains.list,2025-10-27 10:01:59.387414+00:00,c9711f20a500aa427a3a798a
s3.buysellads.com,AVAILABILITY,domains.list,domains.list,2025-10-27 10:02:00.304101+00:00,c9711f20a500aa427a3a798a
scorecardresearch.com,AVAILABILITY,domains.list,domains.list,2025-10-27 10:02:01.331326+00:00,c9711f20a500aa427a3a798a
script.tailsweep.com,AVAILABILITY,domains.list,domains.list,2025-10-27 10:02:02.609086+00:00,c9711f20a500aa427a3a798a
secure.adnxs.com,AVAILABILITY,domains.list,domains.list,2025-10-27 10:02:03.021324+00:00,c9711f20a500aa427a3a798a
securepubads.g.doubleclick.net,AVAILABILITY,domains.list,domains.list,2025-10-27 10:02:03.397546+00:00,c9711f20a500aa427a3a798a
serve.adplxmd.com,AVAILABILITY,domains.list,domains.list,2025-10-27 10:02:03.612784+00:00,c9711f20a500aa427a3a798a
serve.popads.net,AVAILABILITY,domains.list,domains.list,2025-10-27 10:02:04.340178+00:00,c9711f20a500aa427a3a798a
server.cpmstar.com,AVAILABILITY,domains.list,domains.list,2025-10-27 10:02:04.909421+00:00,c9711f20a500aa427a3a798a
sin1.g.adnxs.com,AVAILABILITY,domains.list,domains.list,2025-10-27 10:02:06.536441+00:00,c9711f20a500aa427a3a798a
smartadserver.com,AVAILABILITY,domains.list,domains.list,2025-10-27 10:02:07.076463+00:00,c9711f20a500aa427a3a798a
smartadserver.fr,AVAILABILITY,domains.list,domains.list,2025-10-27 10:02:07.624878+00:00,c9711f20a500aa427a3a798a
softonicads.com,AVAILABILITY,domains.list,domains.list,2025-10-27 10:02:07.908808+00:00,c9711f20a500aa427a3a798a
spcdnsp.i-mobile.co.jp,AVAILABILITY,domains.list,domains.list,2025-10-27 10:02:08.352751+00:00,c9711f20a500aa427a3a798a
spdeliver.i-mobile.co.jp,AVAILABILITY,domains.list,domains.list,2025-10-27 10:02:08.843936+00:00,c9711f20a500aa427a3a798a
spnet5.i-mobile.co.jp,AVAILABILITY,domains.list,domains.list,2025-10-27 10:02:09.159666+00:00,c9711f20a500aa427a3a798a
spsvc3.i-mobile.co.jp,AVAILABILITY,domains.list,domains.list,2025-10-27 10:02:09.547967+00:00,c9711f20a500aa427a3a798a
srv.bebi.com,AVAILABILITY,domains.list,domains.list,2025-10-27 10:02:11.785422+00:00,c9711f20a500aa427a3a798a
srv.buysellads.com,AVAILABILITY,domains.list,domains.list,2025-10-27 10:02:12.343146+00:00,c9711f20a500aa427a3a798a
srv.clickfuse.com,AVAILABILITY,domains.list,domains.list,2025-10-27 10:02:12.928935+00:00,c9711f20a500aa427a3a798a
srvpub.com,AVAILABILITY,domains.list,domains.list,2025-10-27 10:02:13.595410+00:00,c9711f20a500aa427a3a798a
static.2mdn.net,AVAILABILITY,domains.list,domains.list,2025-10-27 10:02:13.798034+00:00,c9711f20a500aa427a3a798a
static.adzerk.net,AVAILABILITY,domains.list,domains.list,2025-10-27 10:02:14.144954+00:00,c9711f20a500aa427a3a798a
static.doubleclick.net,AVAILABILITY,domains.list,domains.list,2025-10-27 10:02:14.515720+00:00,c9711f20a500aa427a3a798a
static.emsservice.de,AVAILABILITY,domains.list,domains.list,2025-10-27 10:02:15.035057+00:00,c9711f20a500aa427a3a798a
static.fmpub.net,AVAILABILITY,domains.list,domains.list,2025-10-27 10:02:17.979043+00:00,c9711f20a500aa427a3a798a
static.getclicky.com,AVAILABILITY,domains.list,domains.list,2025-10-27 10:02:18.162672+00:00,c9711f20a500aa427a3a798a
static.trafficjunky.net,AVAILABILITY,domains.list,domains.list,2025-10-27 10:02:18.694851+00:00,c9711f20a500aa427a3a798a
static.yieldmo.com,AVAILABILITY,domains.list,domains.list,2025-10-27 10:02:19.111808+00:00,c9711f20a500aa427a3a798a
static.zucks.net.zimg.jp,AVAILABILITY,domains.list,domains.list,2025-10-27 10:02:19.678226+00:00,c9711f20a500aa427a3a798a
staticd.cdn.adblade.com,AVAILABILITY,domains.list,domains.list,2025-10-27 10:02:20.092673+00:00,c9711f20a500aa427a3a798a
stats.g.doubleclick.net,AVAILABILITY,domains.list,domains.list,2025-10-27 10:02:20.464958+00:00,c9711f20a500aa427a3a798a
strikeadcdn.s3.amazonaws.com,AVAILABILITY,domains.list,domains.list,2025-10-27 10:02:20.811293+00:00,c9711f20a500aa427a3a798a
syndication.exoclick.com,AVAILABILITY,domains.list,domains.list,2025-10-27 10:02:21.125314+00:00,c9711f20a500aa427a3a798a
t.neodatagroup.com,AVAILABILITY,domains.list,domains.list,2025-10-27 10:02:21.360186+00:00,c9711f20a500aa427a3a798a
tag.contextweb.com,AVAILABILITY,domains.list,domains.list,2025-10-27 10:02:21.622727+00:00,c9711f20a500aa427a3a798a
tcr.tynt.com,AVAILABILITY,domains.list,domains.list,2025-10-27 10:02:22.259592+00:00,c9711f20a500aa427a3a798a
tempest.services.disqus.com,AVAILABILITY,domains.list,domains.list,2025-10-27 10:02:22.509533+00:00,c9711f20a500aa427a3a798a
tpc.googlesyndication.com,AVAILABILITY,domains.list,domains.list,2025-10-27 10:02:22.795444+00:00,c9711f20a500aa427a3a798a
track.adform.net,AVAILABILITY,domains.list,domains.list,2025-10-27 10:02:23.271605+00:00,c9711f20a500aa427a3a798a
track.lfstmedia.com,AVAILABILITY,domains.list,domains.list,2025-10-27 10:02:44.081698+00:00,c9711f20a500aa427a3a798a
track.netshelter.net,AVAILABILITY,domains.list,domains.list,2025-10-27 10:02:44.362476+00:00,c9711f20a500aa427a3a798a
tracking.trafficjunky.net,AVAILABILITY,domains.list,domains.list,2025-10-27 10:03:04.594654+00:00,c9711f20a500aa427a3a798a
traffic.outbrain.com,AVAILABILITY,domains.list,domains.list,2025-10-27 10:03:04.858609+00:00,c9711f20a500aa427a3a798a
trc.taboola.com,AVAILABILITY,domains.list,domains.list,2025-10-27 10:03:05.150768+00:00,c9711f20a500aa427a3a798a
trends.revcontent.com,AVAILABILITY,domains.list,domains.list,2025-10-27 10:03:05.418372+00:00,c9711f20a500aa427a3a798a
veoxa.com,AVAILABILITY,domains.list,domains.list,2025-10-27 10:03:07.331223+00:00,c9711f20a500aa427a3a798a
video-stats.video.google.com,AVAILABILITY,domains.list,domains.list,2025-10-27 10:03:07.742428+00:00,c9711f20a500aa427a3a798a
videoslots.888.com,AVAILABILITY,domains.list,domains.list,2025-10-27 10:03:09.207060+00:00,c9711f20a500aa427a3a798a
w.inmobi.com,AVAILABILITY,domains.list,domains.list,2025-10-27 10:03:09.572267+00:00,c9711f20a500aa427a3a798a
w.sharethis.com,AVAILABILITY,domains.list,domains.list,2025-10-27 10:03:10.161340+00:00,c9711f20a500aa427a3a798a
wd.sharethis.com,AVAILABILITY,domains.list,domains.list,2025-10-27 10:03:10.504466+00:00,c9711f20a500aa427a3a798a
web.adblade.com,AVAILABILITY,domains.list,domains.list,2025-10-27 10:03:11.518372+00:00,c9711f20a500aa427a3a798a
widgets.outbrain.com,AVAILABILITY,domains.list,domains.list,2025-10-27 10:03:11.887263+00:00,c9711f20a500aa427a3a798a
widgets.progrids.com,AVAILABILITY,domains.list,domains.list,2025-10-27 10:03:12.076363+00:00,c9711f20a500aa427a3a798a
ws-na.amazon-adsystem.com,AVAILABILITY,domains.list,domains.list,2025-10-27 10:03:12.396374+00:00,c9711f20a500aa427a3a798a
ws.tapjoyads.com,AVAILABILITY,domains.list,domains.list,2025-10-27 10:03:12.730812+00:00,c9711f20a500aa427a3a798a
wv.inner-active.mobi,AVAILABILITY,domains.list,domains.list,2025-10-27 10:03:12.921434+00:00,c9711f20a500aa427a3a798a
ww251.smartadserver.com,AVAILABILITY,domains.list,domains.list,2025-10-27 10:03:13.149458+00:00,c9711f20a500aa427a3a798a
ww400.smartadserver.fr,AVAILABILITY,domains.list,domains.list,2025-10-27 10:03:13.374024+00:00,c9711f20a500aa427a3a798a
ww84.smartadserver.com,AVAILABILITY,domains.list,domains.list,2025-10-27 10:03:13.609897+00:00,c9711f20a500aa427a3a798a
www.888poker.com,AVAILABILITY,domains.list,domains.list,2025-10-27 10:03:15.560781+00:00,c9711f20a500aa427a3a798a
www.adnxs.com,AVAILABILITY,domains.list,domains.list,2025-10-27 10:03:55.872184+00:00,c9711f20a500aa427a3a798a
www.adshost2.com,AVAILABILITY,domains.list,domains.list,2025-10-27 10:03:57.376416+00:00,c9711f20a500aa427a3a798a
www.appnexus.com,AVAILABILITY,domains.list,domains.list,2025-10-27 10:03:58.623865+00:00,c9711f20a500aa427a3a798a
www.awltovhc.com,AVAILABILITY,domains.list,domains.list,2025-10-27 10:03:59.459725+00:00,c9711f20a500aa427a3a798a
www.bidvertiser.com,AVAILABILITY,domains.list,domains.list,2025-10-27 10:04:01.193297+00:00,c9711f20a500aa427a3a798a
www.burstnet.com,AVAILABILITY,domains.list,domains.list,2025-10-27 10:04:04.681435+00:00,c9711f20a500aa427a3a798a
www.buysellads.com,AVAILABILITY,domains.list,domains.list,2025-10-27 10:04:06.206514+00:00,c9711f20a500aa427a3a798a
www.doubleclick.com,AVAILABILITY,domains.list,domains.list,2025-10-27 10:04:06.921869+00:00,c9711f20a500aa427a3a798a
www.doubleclick.net,AVAILABILITY,domains.list,domains.list,2025-10-27 10:04:07.385021+00:00,c9711f20a500aa427a3a798a
www.dpbolvw.net,AVAILABILITY,domains.list,domains.list,2025-10-27 10:04:08.063401+00:00,c9711f20a500aa427a3a798a
www.inmobi.com,AVAILABILITY,domains.list,domains.list,2025-10-27 10:04:09.159388+00:00,c9711f20a500aa427a3a798a
www.lduhtrp.net,AVAILABILITY,domains.list,domains.list,2025-10-27 10:04:09.844053+00:00,c9711f20a500aa427a3a798a
www.outbrain.com,AVAILABILITY,domains.list,domains.list,2025-10-27 10:04:10.747334+00:00,c9711f20a500aa427a3a798a
www.projectwonderful.com,AVAILABILITY,domains.list,domains.list,2025-10-27 10:04:11.282550+00:00,c9711f20a500aa427a3a798a
www.quantserve.com,AVAILABILITY,domains.list,domains.list,2025-10-27 10:04:11.695469+00:00,c9711f20a500aa427a3a798a
www.terraclicks.com,AVAILABILITY,domains.list,domains.list,2025-10-27 10:04:12.727164+00:00,c9711f20a500aa427a3a798a
www.terrapops.com,AVAILABILITY,domains.list,domains.list,2025-10-27 10:04:13.036143+00:00,c9711f20a500aa427a3a798a
www.tqlkg.com,AVAILABILITY,domains.list,domains.list,2025-10-27 10:04:13.686144+00:00,c9711f20a500aa427a3a798a
www.zergnet.com,AVAILABILITY,domains.list,domains.list,2025-10-27 10:04:14.877770+00:00,c9711f20a500aa427a3a798a
www2.doubleclick.com,AVAILABILITY,domains.list,domains.list,2025-10-27 10:04:15.168544+00:00,c9711f20a500aa427a3a798a
www3.doubleclick.com,AVAILABILITY,domains.list,domains.list,2025-10-27 10:04:15.434579+00:00,c9711f20a500aa427a3a798a
www3.doubleclick.net,AVAILABILITY,domains.list,domains.list,2025-10-27 10:04:15.667061+00:00,c9711f20a500aa427a3a798a
www4.smartadserver.com,AVAILABILITY,domains.list,domains.list,2025-10-27 10:04:15.894830+00:00,c9711f20a500aa427a3a798a
x.castanet.net,AVAILABILITY,domains.list,domains.list,2025-10-27 10:04:16.120002+00:00,c9711f20a500aa427a3a798a
x888x.myserver.org,AVAILABILITY,domains.list,domains.list,2025-10-27 10:04:16.501356+00:00,c9711f20a500aa427a3a798a
xads.zedo.com,AVAILABILITY,domains.list,domains.list,2025-10-27 10:04:16.924703+00:00,c9711f20a500aa427a3a798a
xp2.zedo.com,AVAILABILITY,domains.list,domains.list,2025-10-27 10:04:17.326978+00:00,c9711f20a500aa427a3a798a
yllix.com,AVAILABILITY,domains.list,domains.list,2025-10-27 10:04:19.536600+00:00,c9711f20a500aa427a3a798a
eclkmpbn.com,AVAILABILITY,domains.list,domains.list,2025-10-27 10:04:29.968864+00:00,c9711f20a500aa427a3a798a
cdn.merchenta.com,AVAILABILITY,domains.list,domains.list,2025-10-27 10:04:30.218082+00:00,c9711f20a500aa427a3a798a
yieldmanager.com,AVAILABILITY,domains.list,domains.list,2025-10-27 10:04:31.897118+00:00,c9711f20a500aa427a3a798a
cdn.hgdat.com,AVAILABILITY,domains.list,domains.list,2025-10-27 10:04:32.107506+00:00,c9711f20a500aa427a3a798a
go.mobisla.com,AVAILABILITY,domains.list,domains.list,2025-10-27 10:04:47.061060+00:00,c9711f20a500aa427a3a798a
adf.send.microad.jp,AVAILABILITY,domains.list,domains.list,2025-10-27 10:04:47.259393+00:00,c9711f20a500aa427a3a798a
ad.ams.mcdstorage.com,AVAILABILITY,domains.list,domains.list,2025-10-27 10:04:57.667540+00:00,c9711f20a500aa427a3a798a
activity.serving-sys.com,AVAILABILITY,domains.list,domains.list,2025-10-27 10:04:57.873836+00:00,c9711f20a500aa427a3a798a
bs.serving-sys.com,AVAILABILITY,domains.list,domains.list,2025-10-27 10:04:58.059421+00:00,c9711f20a500aa427a3a798a
ds.serving-sys.com,AVAILABILITY,domains.list,domains.list,2025-10-27 10:04:58.262415+00:00,c9711f20a500aa427a3a798a
tags.bkrtx.com,AVAILABILITY,domains.list,domains.list,2025-10-27 10:04:58.700116+00:00,c9711f20a500aa427a3a798a
a.adtech.de,AVAILABILITY,domains.list,domains.list,2025-10-27 10:04:59.488163+00:00,c9711f20a500aa427a3a798a
adserver.adtechus.com,AVAILABILITY,domains.list,domains.list,2025-10-27 10:04:59.907767+00:00,c9711f20a500aa427a3a798a
js.moatads.com,AVAILABILITY,domains.list,domains.list,2025-10-27 10:05:00.113584+00:00,c9711f20a500aa427a3a798a
servedby.hrnorth.se,AVAILABILITY,domains.list,domains.list,2025-10-27 10:05:00.499457+00:00,c9711f20a500aa427a3a798a
au-01.adtomafusion.com,AVAILABILITY,domains.list,domains.list,2025-10-27 10:05:00.735192+00:00,c9711f20a500aa427a3a798a
bn-01.adtomafusion.com,AVAILABILITY,domains.list,domains.list,2025-10-27 10:05:00.989780+00:00,c9711f20a500aa427a3a798a
snap.snapmobile.asia,AVAILABILITY,domains.list,domains.list,2025-10-27 10:05:13.855127+00:00,c9711f20a500aa427a3a798a
cdn.adsrvmedia.net,AVAILABILITY,domains.list,domains.list,2025-10-27 10:05:14.052173+00:00,c9711f20a500aa427a3a798a
www.adcash.com,AVAILABILITY,domains.list,domains.list,2025-10-27 10:05:15.612580+00:00,c9711f20a500aa427a3a798a
www.smartadserver.com,AVAILABILITY,domains.list,domains.list,2025-10-27 10:05:16.706599+00:00,c9711f20a500aa427a3a798a
www.yllix.com,AVAILABILITY,domains.list,domains.list,2025-10-27 10:05:20.854145+00:00,c9711f20a500aa427a3a798a
cdn1.media.trafficjunky.net,AVAILABILITY,domains.list,domains.list,2025-10-27 10:05:21.046540+00:00,c9711f20a500aa427a3a798a
jsn.dt07.net,AVAILABILITY,domains.list,domains.list,2025-10-27 10:05:21.267723+00:00,c9711f20a500aa427a3a798a
traffic.trafficposse.com,AVAILABILITY,domains.list,domains.list,2025-10-27 10:05:21.469405+00:00,c9711f20a500aa427a3a798a
ad.adtoma.com,AVAILABILITY,domains.list,domains.list,2025-10-27 10:05:21.689175+00:00,c9711f20a500aa427a3a798a
adcreative.naver.com,AVAILABILITY,domains.list,domains.list,2025-10-27 10:05:22.962328+00:00,c9711f20a500aa427a3a798a
p22.atemda.com,AVAILABILITY,domains.list,domains.list,2025-10-27 10:05:29.691249+00:00,c9711f20a500aa427a3a798a
2912a.v.fwmrm.net,AVAILABILITY,domains.list,domains.list,2025-10-27 10:05:29.951691+00:00,c9711f20a500aa427a3a798a
a.visualrevenue.com,AVAILABILITY,domains.list,domains.list,2025-10-27 10:05:30.222431+00:00,c9711f20a500aa427a3a798a
ad.directrev.com,AVAILABILITY,domains.list,domains.list,2025-10-27 10:05:30.458940+00:00,c9711f20a500aa427a3a798a
ad.leadbolt.net,AVAILABILITY,domains.list,domains.list,2025-10-27 10:05:30.737913+00:00,c9711f20a500aa427a3a798a
ad.yieldmanager.com,AVAILABILITY,domains.list,domains.list,2025-10-27 10:05:33.311857+00:00,c9711f20a500aa427a3a798a
ad1.emediate.dk,AVAILABILITY,domains.list,domains.list,2025-10-27 10:05:33.864987+00:00,c9711f20a500aa427a3a798a
adb.nikkei.co.jp,AVAILABILITY,domains.list,domains.list,2025-10-27 10:05:34.498496+00:00,c9711f20a500aa427a3a798a
admaster.heyos.com,AVAILABILITY,domains.list,domains.list,2025-10-27 10:05:34.736125+00:00,c9711f20a500aa427a3a798a
ads.bidvertiser.com,AVAILABILITY,domains.list,domains.list,2025-10-27 10:05:35.110319+00:00,c9711f20a500aa427a3a798a
ads.mocean.mobi,AVAILABILITY,domains.list,domains.list,2025-10-27 10:05:35.812883+00:00,c9711f20a500aa427a3a798a
adtracker.inmobi.com,AVAILABILITY,domains.list,domains.list,2025-10-27 10:05:36.049693+00:00,c9711f20a500aa427a3a798a
as.chango.com,AVAILABILITY,domains.list,domains.list,2025-10-27 10:05:36.259645+00:00,c9711f20a500aa427a3a798a
as.ebz.io,AVAILABILITY,domains.list,domains.list,2025-10-27 10:05:36.801743+00:00,c9711f20a500aa427a3a798a
austria1.adverserve.net,AVAILABILITY,domains.list,domains.list,2025-10-27 10:05:38.461228+00:00,c9711f20a500aa427a3a798a
ba2b687.se,AVAILABILITY,domains.list,domains.list,2025-10-27 10:05:39.150519+00:00,c9711f20a500aa427a3a798a
cdn.adbrau.com,AVAILABILITY,domains.list,domains.list,2025-10-27 10:05:39.352698+00:00,c9711f20a500aa427a3a798a
cdn.bidvertiser.com,AVAILABILITY,domains.list,domains.list,2025-10-27 10:05:39.573327+00:00,c9711f20a500aa427a3a798a
cdn.directrev.com,AVAILABILITY,domains.list,domains.list,2025-10-27 10:05:39.809542+00:00,c9711f20a500aa427a3a798a
cdn.directtrk.com,AVAILABILITY,domains.list,domains.list,2025-10-27 10:05:40.043460+00:00,c9711f20a500aa427a3a798a
cdn.mdotm.com,AVAILABILITY,domains.list,domains.list,2025-10-27 10:06:03.187208+00:00,c9711f20a500aa427a3a798a
cdn.millennialmedia.com,AVAILABILITY,domains.list,domains.list,2025-10-27 10:06:03.593427+00:00,c9711f20a500aa427a3a798a
cdn2.cpmstar.com,AVAILABILITY,domains.list,domains.list,2025-10-27 10:06:04.111417+00:00,c9711f20a500aa427a3a798a
directrev.blob.core.windows.net,AVAILABILITY,domains.list,domains.list,2025-10-27 10:06:04.501055+00:00,c9711f20a500aa427a3a798a
e.admob.com,AVAILABILITY,domains.list,domains.list,2025-10-27 10:06:04.726306+00:00,c9711f20a500aa427a3a798a
e2.emediate.se,AVAILABILITY,domains.list,domains.list,2025-10-27 10:06:05.219153+00:00,c9711f20a500aa427a3a798a
engine.widespace.com,AVAILABILITY,domains.list,domains.list,2025-10-27 10:06:16.932701+00:00,c9711f20a500aa427a3a798a
go.goroost.com,AVAILABILITY,domains.list,domains.list,2025-10-27 10:06:17.459016+00:00,c9711f20a500aa427a3a798a
i.tapit.com,AVAILABILITY,domains.list,domains.list,2025-10-27 10:06:17.745988+00:00,c9711f20a500aa427a3a798a
m.servebom.com,AVAILABILITY,domains.list,domains.list,2025-10-27 10:06:17.972679+00:00,c9711f20a500aa427a3a798a
mads.at.atwola.com,AVAILABILITY,domains.list,domains.list,2025-10-27 10:06:18.563822+00:00,c9711f20a500aa427a3a798a
pixel.redditmedia.com,AVAILABILITY,domains.list,domains.list,2025-10-27 10:06:18.759833+00:00,c9711f20a500aa427a3a798a
s.ad131m.com,AVAILABILITY,domains.list,domains.list,2025-10-27 10:06:18.968999+00:00,c9711f20a500aa427a3a798a
serve.vdopia.com,AVAILABILITY,domains.list,domains.list,2025-10-27 10:06:19.386341+00:00,c9711f20a500aa427a3a798a
static.exoclick.com,AVAILABILITY,domains.list,domains.list,2025-10-27 10:06:19.644778+00:00,c9711f20a500aa427a3a798a
tap.rubiconproject.com,AVAILABILITY,domains.list,domains.list,2025-10-27 10:06:20.371664+00:00,c9711f20a500aa427a3a798a
cdn.krxd.net,AVAILABILITY,domains.list,domains.list,2025-10-27 10:06:20.559157+00:00,c9711f20a500aa427a3a798a
dsp.adledge.com,AVAILABILITY,domains.list,domains.list,2025-10-27 10:06:20.776153+00:00,c9711f20a500aa427a3a798a
mv.ad.naver.com,AVAILABILITY,domains.list,domains.list,2025-10-27 10:06:22.331370+00:00,c9711f20a500aa427a3a798a
cdn.cpsoft86.com,AVAILABILITY,domains.list,domains.list,2025-10-27 10:06:35.540338+00:00,c9711f20a500aa427a3a798a
i.w.sandbox.inmobi.com,AVAILABILITY,domains.list,domains.list,2025-10-27 10:06:35.790950+00:00,c9711f20a500aa427a3a798a
cdn.castplatform.com,AVAILABILITY,domains.list,domains.list,2025-10-27 10:06:47.328201+00:00,c9711f20a500aa427a3a798a
img-cdn.mediaplex.com,AVAILABILITY,domains.list,domains.list,2025-10-27 10:06:47.522707+00:00,c9711f20a500aa427a3a798a
img.adinte.jp,AVAILABILITY,domains.list,domains.list,2025-10-27 10:06:47.735586+00:00,c9711f20a500aa427a3a798a
ma.inmobi.com,AVAILABILITY,domains.list,domains.list,2025-10-27 10:06:47.943170+00:00,c9711f20a500aa427a3a798a
kona.kontera.com,AVAILABILITY,domains.list,domains.list,2025-10-27 10:06:48.490067+00:00,c9711f20a500aa427a3a798a
max.crwd.io,AVAILABILITY,domains.list,domains.list,2025-10-27 10:06:49.286069+00:00,c9711f20a500aa427a3a798a
i.ad-v.jp,AVAILABILITY,domains.list,domains.list,2025-10-27 10:06:50.079791+00:00,c9711f20a500aa427a3a798a
ns2.backbeatmedia.com,AVAILABILITY,domains.list,domains.list,2025-10-27 10:06:50.304196+00:00,c9711f20a500aa427a3a798a
ox-d.wuv.servedbyopenx.com,AVAILABILITY,domains.list,domains.list,2025-10-27 10:06:50.833350+00:00,c9711f20a500aa427a3a798a
pds.directrev.com,AVAILABILITY,domains.list,domains.list,2025-10-27 10:06:51.046672+00:00,c9711f20a500aa427a3a798a
ns1.backbeatmedia.com,AVAILABILITY,domains.list,domains.list,2025-10-27 10:06:51.269869+00:00,c9711f20a500aa427a3a798a
s.send.microad.jp,AVAILABILITY,domains.list,domains.list,2025-10-27 10:06:52.064198+00:00,c9711f20a500aa427a3a798a
tap-cdn.rubiconproject.com,AVAILABILITY,domains.list,domains.list,2025-10-27 10:06:52.396019+00:00,c9711f20a500aa427a3a798a
web-jp.ad-v.jp,AVAILABILITY,domains.list,domains.list,2025-10-27 10:06:52.691101+00:00,c9711f20a500aa427a3a798a
www-lvs.veoxa.com,AVAILABILITY,domains.list,domains.list,2025-10-27 10:06:53.064424+00:00,c9711f20a500aa427a3a798a
origin.collective-media.net,AVAILABILITY,domains.list,domains.list,2025-10-27 10:06:53.291775+00:00,c9711f20a500aa427a3a798a
9cf9.v.fwmrm.net,AVAILABILITY,domains.list,domains.list,2025-10-27 10:06:53.481752+00:00,c9711f20a500aa427a3a798a
richmedia.yimg.com,AVAILABILITY,domains.list,domains.list,2025-10-27 10:06:53.960779+00:00,c9711f20a500aa427a3a798a
media.888.com,AVAILABILITY,domains.list,domains.list,2025-10-27 10:06:54.224186+00:00,c9711f20a500aa427a3a798a
srv.juiceadv.com,AVAILABILITY,domains.list,domains.list,2025-10-27 10:06:54.996746+00:00,c9711f20a500aa427a3a798a
ads.ad-center.com,AVAILABILITY,domains.list,domains.list,2025-10-27 10:06:55.433707+00:00,c9711f20a500aa427a3a798a
api.content.ad,AVAILABILITY,domains.list,domains.list,2025-10-27 10:06:56.082350+00:00,c9711f20a500aa427a3a798a
engine.rbc.medialand.ru,AVAILABILITY,domains.list,domains.list,2025-10-27 10:06:57.452260+00:00,c9711f20a500aa427a3a798a
test.adpooh.com,AVAILABILITY,domains.list,domains.list,2025-10-27 10:06:57.709240+00:00,c9711f20a500aa427a3a798a
www.da-ads.com,AVAILABILITY,domains.list,domains.list,2025-10-27 10:06:57.953910+00:00,c9711f20a500aa427a3a798a
api.gravity.com,AVAILABILITY,domains.list,domains.list,2025-10-27 10:06:58.191442+00:00,c9711f20a500aa427a3a798a
rma-api.gravity.com,AVAILABILITY,domains.list,domains.list,2025-10-27 10:06:58.403580+00:00,c9711f20a500aa427a3a798a
cdn.adnotch.com,AVAILABILITY,domains.list,domains.list,2025-10-27 10:06:59.119903+00:00,c9711f20a500aa427a3a798a
sdt1.corp.inmobi.com,AVAILABILITY,domains.list,domains.list,2025-10-27 10:07:09.334998+00:00,c9711f20a500aa427a3a798a
www.ad-ch.jp,AVAILABILITY,domains.list,domains.list,2025-10-27 10:07:09.870218+00:00,c9711f20a500aa427a3a798a
www.admob.tk,AVAILABILITY,domains.list,domains.list,2025-10-27 10:07:10.832287+00:00,c9711f20a500aa427a3a798a
5be16.v.fwmrm.net,AVAILABILITY,domains.list,domains.list,2025-10-27 10:07:11.015531+00:00,c9711f20a500aa427a3a798a
www.agomwefq.com,AVAILABILITY,domains.list,domains.list,2025-10-27 10:07:11.238985+00:00,c9711f20a500aa427a3a798a
www.ba2b687.se,AVAILABILITY,domains.list,domains.list,2025-10-27 10:07:11.771094+00:00,c9711f20a500aa427a3a798a
www.softonicads.com,AVAILABILITY,domains.list,domains.list,2025-10-27 10:07:12.190426+00:00,c9711f20a500aa427a3a798a
www.overture.com,AVAILABILITY,domains.list,domains.list,2025-10-27 10:07:12.907962+00:00,c9711f20a500aa427a3a798a
www.mydas.mobi,AVAILABILITY,domains.list,domains.list,2025-10-27 10:07:13.830580+00:00,c9711f20a500aa427a3a798a
www.gomotrak.com,AVAILABILITY,domains.list,domains.list,2025-10-27 10:07:14.114439+00:00,c9711f20a500aa427a3a798a
0,AVAILABILITY,domains.list,domains.list,2025-10-27 10:07:14.286830+00:00,c9711f20a500aa427a3a798a
ad1.netshelter.net,AVAILABILITY,domains.list,domains.list,2025-10-27 10:07:14.514812+00:00,c9711f20a500aa427a3a798a
ad2.netshelter.net,AVAILABILITY,domains.list,domains.list,2025-10-27 10:07:14.888092+00:00,c9711f20a500aa427a3a798a
a.jumptap.com,AVAILABILITY,domains.list,domains.list,2025-10-27 10:07:15.416290+00:00,c9711f20a500aa427a3a798a
ad3.netshelter.net,AVAILABILITY,domains.list,domains.list,2025-10-27 10:07:15.616197+00:00,c9711f20a500aa427a3a798a
ad.kixer.com,AVAILABILITY,domains.list,domains.list,2025-10-27 10:07:15.848629+00:00,c9711f20a500aa427a3a798a
ad4.netshelter.net,AVAILABILITY,domains.list,domains.list,2025-10-27 10:07:16.033069+00:00,c9711f20a500aa427a3a798a
ad.omni.se,AVAILABILITY,domains.list,domains.list,2025-10-27 10:07:16.844412+00:00,c9711f20a500aa427a3a798a
uedata.amazon.com,AVAILABILITY,domains.list,domains.list,2025-10-27 10:07:17.054040+00:00,c9711f20a500aa427a3a798a
ad.taptica.com,AVAILABILITY,domains.list,domains.list,2025-10-27 10:07:17.299103+00:00,c9711f20a500aa427a3a798a
ad-ch.jp,AVAILABILITY,domains.list,domains.list,2025-10-27 10:07:18.602935+00:00,c9711f20a500aa427a3a798a
ads.aftonbladet.se,AVAILABILITY,domains.list,domains.list,2025-10-27 10:07:19.637698+00:00,c9711f20a500aa427a3a798a
ads.cricbuzz.com,AVAILABILITY,domains.list,domains.list,2025-10-27 10:07:20.562097+00:00,c9711f20a500aa427a3a798a
agomwefq.com,AVAILABILITY,domains.list,domains.list,2025-10-27 10:07:20.832689+00:00,c9711f20a500aa427a3a798a
advm.svd.se,AVAILABILITY,domains.list,domains.list,2025-10-27 10:07:22.250738+00:00,c9711f20a500aa427a3a798a
adv.svd.se,AVAILABILITY,domains.list,domains.list,2025-10-27 10:07:23.385203+00:00,c9711f20a500aa427a3a798a
assets.kixer.com,AVAILABILITY,domains.list,domains.list,2025-10-27 10:07:23.608224+00:00,c9711f20a500aa427a3a798a
admob.tk,AVAILABILITY,domains.list,domains.list,2025-10-27 10:07:29.396466+00:00,c9711f20a500aa427a3a798a
